Country Name,Country Code,1995,1996,1997,1998,1999,2000,2001,2002,2003,2004,2005,2006,2007,2008,2009,2010,2011,2012,2013,2014,2015,2016,2017,2018,2019,2020
Aruba,ABW,0.912M,0.957M,0.947M,0.906M,0.972M,1.211M,1.178M,1.225M,1.184M,1.304M,1.286M,1.285M,1.254M,1.383M,1.42M,1.394M,1.469M,1.481M,1.667M,1.739M,1.832M,1.758M,1.863M,1.897M,1.951M,
Africa Eastern and Southern,AFE,11.584M,13.089M,13.456M,14.404M,15.309M,15.353M,15.855M,17.383M,17.844M,18.746M,19.918M,22.65M,25.115M,25.413M,25.964M,29.072M,31.65M,32.749M,34.427M,35.738M,35.319M,37.646M,38.258M,41.189M,39.827M,
Afghanistan,AFG,,,,,,,,,,,,,,,,,,,,,,,,,,
Africa Western and Central,AFW,2.671M,3.027M,3.243M,3.423M,3.898M,4.163M,4.616M,4.697M,5.013M,5.839M,6.321M,6.956M,9.39M,10.158M,10.57M,11.071M,8.902M,10.221M,10.086M,10.545M,13.312M,13.151M,,,,
Angola,AGO,0.009M,0.021M,0.045M,0.052M,0.045M,0.051M,0.067M,0.091M,0.107M,0.194M,0.21M,0.121M,0.195M,0.294M,0.366M,0.425M,0.481M,0.528M,0.65M,0.595M,0.592M,0.397M,0.261M,0.218M,0.218M,
Albania,ALB,0.304M,0.287M,0.119M,0.184M,0.371M,0.317M,0.354M,0.47M,0.557M,0.645M,0.748M,0.937M,1.127M,1.42M,1.856M,2.417M,2.932M,3.514M,3.256M,3.673M,4.131M,4.736M,5.118M,5.927M,6.406M,2.658M
Andorra,AND,,,,,9.422M,10.991M,11.351M,11.507M,11.601M,11.668M,11.049M,10.737M,10.743M,10.194M,9.112M,8.551M,7.983M,7.9M,7.676M,7.797M,7.85M,8.025M,8.152M,8.328M,8.235M,5.207M
Arab World,ARB,,,,,,,,,,80.985M,82.98M,89.388M,99.187M,115.509M,113.944M,130.382M,109.79M,122.65M,122.58M,130.621M,122.564M,115.22M,122.153M,131.893M,142.448M,
United Arab Emirates,ARE,,,,,,,,,,,,,,,,,,,,,19.313M,20.894M,21.805M,23.092M,25.282M,8.084M
Argentina,ARG,2.289M,2.614M,2.764M,3.012M,2.898M,2.909M,2.62M,2.82M,2.995M,3.457M,3.823M,4.173M,4.562M,4.7M,4.308M,6.8M,6.703M,6.497M,6.51M,7.165M,6.816M,6.668M,6.711M,6.942M,7.399M,
Armenia,ARM,0.012M,0.013M,0.023M,0.032M,0.041M,0.045M,0.123M,0.162M,0.206M,0.263M,0.319M,0.382M,0.511M,0.558M,0.575M,0.684M,0.758M,0.963M,1.084M,1.204M,1.192M,1.26M,1.495M,1.652M,1.894M,0.375M
American Samoa,ASM,0.034M,0.035M,0.026M,0.036M,0.041M,0.044M,0.036M,,,,0.024M,0.025M,0.024M,0.024M,0.024M,0.023M,0.023M,0.023M,0.021M,0.022M,0.02M,0.02M,0.02M,0.02M,0.019M,0.001M
Antigua and Barbuda,ATG,0.447M,0.498M,0.526M,0.57M,0.56M,0.634M,0.624M,0.528M,0.623M,0.769M,0.712M,0.838M,0.935M,0.863M,0.944M,0.788M,0.848M,0.819M,0.777M,0.771M,0.894M,0.874M,1.04M,1.064M,1.035M,0.384M
Australia,AUS,3.726M,4.165M,4.318M,4.167M,4.459M,4.931M,4.856M,4.841M,4.746M,5.215M,5.499M,5.532M,5.644M,5.586M,5.49M,5.79M,5.771M,6.032M,6.482M,6.922M,7.449M,8.269M,8.815M,9.246M,9.466M,1.828M
Austria,AUT,17.173M,17.09M,16.647M,17.352M,17.467M,17.982M,18.18M,18.611M,19.078M,19.374M,19.952M,20.269M,20.773M,21.935M,21.355M,22.004M,23.012M,24.151M,24.813M,25.291M,26.728M,28.121M,29.46M,30.816M,31.884M,15.091M
Azerbaijan,AZE,0.093M,0.21M,0.306M,0.483M,0.602M,0.681M,0.767M,0.834M,1.038M,1.279M,1.177M,1.194M,1.333M,1.899M,1.83M,1.963M,2.239M,2.484M,2.509M,2.298M,2.006M,2.249M,2.697M,2.85M,3.17M,0.796M
Burundi,BDI,0.034M,0.027M,0.011M,0.015M,0.026M,0.029M,0.036M,0.074M,0.074M,0.133M,0.148M,0.214M,0.192M,0.202M,0.212M,0.142M,0.144M,0.147M,0.234M,0.235M,0.131M,0.187M,0.299M,,,
Belgium,BEL,5.56M,5.829M,6.037M,6.179M,6.369M,6.457M,6.452M,6.72M,6.69M,6.71M,6.747M,6.995M,7.045M,7.165M,6.815M,7.186M,7.494M,7.56M,7.684M,7.887M,8.355M,7.481M,8.385M,9.119M,9.343M,2.584M
Benin,BEN,0.58M,0.516M,0.541M,0.575M,0.941M,1.068M,1.155M,0.853M,0.85M,0.845M,0.96M,0.975M,1.01M,1.027M,,,0.222M,0.232M,0.252M,0.265M,0.279M,0.292M,0.307M,0.322M,0.337M,
Burkina Faso,BFA,0.124M,0.131M,0.138M,0.16M,0.117M,0.126M,0.128M,0.15M,0.163M,0.222M,0.245M,0.264M,0.289M,0.272M,0.269M,0.274M,0.238M,0.237M,0.218M,0.191M,0.163M,0.152M,0.143M,0.144M,0.143M,0.067M
Bangladesh,BGD,0.156M,0.166M,0.182M,0.172M,0.173M,0.199M,0.207M,0.207M,0.245M,0.271M,0.208M,0.2M,0.289M,0.467M,0.267M,0.139M,0.157M,0.16M,0.104M,0.134M,0.126M,0.182M,0.237M,0.267M,0.323M,
Bulgaria,BGR,8.005M,6.811M,7.543M,5.24M,5.056M,4.922M,5.104M,5.563M,6.241M,6.982M,7.282M,7.499M,7.726M,8.533M,7.873M,8.374M,8.713M,8.867M,9.192M,9.409M,9.317M,10.604M,11.596M,12.368M,12.552M,4.973M
Bahrain,BHR,2.311M,1.988M,2.6M,2.898M,3.28M,3.869M,4.388M,4.831M,4.844M,5.667M,6.313M,7.289M,7.833M,8.631M,8.861M,11.952M,6.732M,8.062M,9.163M,10.452M,9.67M,10.158M,11.374M,12.045M,11.061M,1.909M
"Bahamas, The",BHS,3.239M,3.416M,3.446M,3.348M,3.648M,4.204M,4.183M,4.406M,4.594M,5.004M,4.779M,4.731M,4.601M,4.394M,4.645M,5.255M,5.588M,5.94M,6.151M,6.32M,6.112M,6.265M,6.136M,6.622M,7.25M,1.794M
Bosnia and Herzegovina,BIH,,,0.115M,0.148M,0.147M,0.171M,0.139M,0.16M,0.165M,0.19M,0.217M,0.256M,0.306M,0.322M,0.311M,0.365M,0.392M,0.439M,0.529M,0.536M,0.678M,0.778M,0.923M,1.053M,1.198M,0.197M
Belarus,BLR,,,,,,2.03M,1.852M,1.907M,1.729M,1.816M,4.738M,5.276M,5.283M,5.262M,4.872M,5.674M,5.877M,6.13M,6.242M,5.375M,4.386M,10.935M,11.06M,11.502M,11.832M,3.598M
Belize,BLZ,0.342M,0.349M,0.305M,0.3M,0.34M,0.374M,0.385M,0.694M,0.999M,1.329M,1.037M,0.903M,0.88M,0.846M,0.941M,1.054M,1.106M,1.028M,1.022M,1.289M,1.299M,1.391M,1.441M,1.697M,1.674M,0.487M
Bermuda,BMU,0.557M,0.57M,0.562M,0.558M,0.549M,0.539M,0.458M,0.484M,0.483M,0.478M,0.517M,0.635M,0.66M,0.55M,0.554M,0.58M,0.652M,0.61M,0.576M,0.58M,0.597M,0.642M,0.688M,0.766M,0.805M,0.051M
Bolivia,BOL,0.284M,0.313M,0.355M,0.387M,0.342M,0.319M,0.316M,0.334M,0.427M,0.48M,0.524M,0.521M,0.573M,0.594M,0.599M,0.679M,0.711M,0.798M,0.798M,0.871M,0.882M,0.961M,1.109M,1.142M,1.239M,0.323M
Brazil,BRA,1.991M,2.666M,2.85M,4.818M,5.107M,5.313M,4.773M,3.785M,4.133M,4.794M,5.358M,5.017M,5.026M,5.05M,4.802M,5.161M,5.433M,5.677M,5.813M,6.43M,6.306M,6.547M,6.589M,6.621M,6.353M,
Barbados,BRB,0.927M,0.957M,0.99M,1.019M,0.947M,1.078M,1.035M,1.021M,1.09M,1.273M,1.111M,1.102M,1.191M,1.165M,1.154M,1.197M,1.187M,1.053M,1.079M,1.079M,1.179M,1.227M,1.345M,1.356M,0.966M,
Brunei Darussalam,BRN,0.498M,0.837M,0.643M,0.964M,0.967M,0.984M,0.84M,0.891M,0.944M,,0.815M,0.836M,0.877M,,,,,,,,,4.257M,4.316M,4.521M,4.449M,1.071M
Bhutan,BTN,0.005M,0.005M,0.005M,0.006M,0.007M,0.008M,0.006M,0.006M,0.006M,0.009M,0.014M,0.017M,0.021M,0.028M,0.023M,0.041M,0.066M,0.105M,0.116M,0.133M,0.155M,0.21M,0.255M,0.274M,0.316M,0.03M
Botswana,BWA,0.636M,0.656M,0.765M,0.94M,1.039M,1.306M,1.451M,1.485M,1.592M,1.727M,1.684M,1.642M,1.965M,2.344M,,,,,,,1.66M,1.712M,1.775M,1.83M,,
Central African Republic,CAF,0.026M,0.021M,0.017M,0.008M,0.01M,0.011M,0.01M,0.003M,0.006M,0.008M,0.012M,0.014M,0.017M,0.031M,0.052M,0.054M,0.065M,0.071M,0.084M,0.096M,0.12M,0.082M,0.107M,0.109M,0.087M,
Canada,CAN,41.657M,43.256M,45.076M,48.064M,49.055M,48.638M,47.147M,44.896M,38.903M,38.845M,36.16M,33.39M,30.373M,27.37M,24.696M,25.621M,25.066M,25.318M,25.167M,25.558M,27.555M,30.142M,31.081M,31.274M,32.43M,
Central Europe and the Baltics,CEB,188.653M,199.136M,203.579M,200.151M,200.063M,206.946M,182.539M,173.51M,177.956M,200.554M,208.136M,215.063M,222.545M,217.002M,205.768M,211.503M,219.665M,230.514M,239.484M,247.177M,265.484M,282.858M,293.8M,301.502M,314.638M,
Switzerland,CHE,6.946M,6.73M,7.039M,7.185M,7.154M,7.821M,7.455M,6.868M,6.53M,,7.229M,7.863M,8.448M,8.608M,8.294M,8.628M,8.534M,8.566M,8.967M,9.158M,9.305M,10.402M,11.133M,11.715M,11.818M,
Channel Islands,CHI,,,,,,,,,,,,,,,,,,,,,,,,,,
Chile,CHL,,,,,,,,,,,,,,3.713M,3.657M,3.584M,3.963M,4.397M,4.457M,4.601M,5.487M,6.712M,7.621M,6.603M,5.431M,
China,CHN,46.387M,51.128M,57.588M,63.478M,72.796M,83.444M,89.013M,97.908M,91.662M,109.038M,120.292M,124.942M,131.873M,130.027M,126.476M,133.762M,135.423M,132.405M,129.078M,128.499M,133.82M,141.774M,153.26M,158.606M,162.538M,30.402M
Cote d'Ivoire,CIV,0.188M,0.237M,0.274M,0.301M,,,,,,,,,0.182M,0.205M,0.231M,0.252M,0.27M,0.289M,0.38M,0.471M,1.441M,1.583M,1.8M,1.965M,2.07M,0.668M
Cameroon,CMR,,,,,,,,,,,,0.451M,0.477M,0.487M,0.498M,0.573M,0.604M,0.817M,0.783M,0.822M,0.897M,0.994M,1.081M,0.997M,1.021M,
"Congo, Dem. Rep.",COD,0.035M,0.037M,0.03M,0.053M,0.08M,0.103M,0.055M,0.028M,0.035M,0.036M,0.061M,0.055M,0.047M,0.05M,0.053M,0.081M,0.186M,0.167M,0.191M,0.334M,0.354M,0.351M,,,,
"Congo, Rep.",COG,,,,,,,,,,,,,,,,0.199M,0.224M,0.259M,0.345M,0.229M,0.224M,0.213M,0.151M,0.158M,,
Colombia,COL,1.433M,0.751M,0.758M,0.823M,0.725M,0.707M,0.788M,0.661M,0.668M,0.84M,0.981M,2.096M,2.381M,2.545M,2.649M,1.701M,2.356M,2.434M,2.595M,2.866M,3.371M,3.675M,4.056M,4.397M,4.531M,1.396M
Comoros,COM,0.023M,0.024M,0.026M,0.027M,0.024M,0.024M,0.019M,0.019M,0.021M,0.023M,0.026M,0.028M,0.015M,0.015M,0.011M,0.015M,0.019M,0.023M,0.022M,0.023M,0.024M,0.027M,0.028M,0.036M,0.045M,0.007M
Cabo Verde,CPV,0.028M,0.037M,0.045M,0.052M,0.067M,0.115M,0.134M,0.126M,0.15M,0.157M,0.198M,0.242M,0.267M,0.285M,0.287M,0.336M,0.428M,0.482M,0.503M,0.494M,0.52M,0.598M,0.668M,0.71M,0.758M,0.18M
Costa Rica,CRI,0.924M,0.94M,1.013M,1.167M,1.267M,1.278M,1.32M,1.335M,1.514M,1.771M,1.959M,2.071M,2.302M,2.409M,2.309M,2.495M,2.526M,2.542M,2.641M,2.76M,2.899M,3.204M,3.231M,3.313M,3.366M,1.146M
Caribbean small states,CSS,8.608M,9.028M,9.357M,9.483M,9.901M,11.115M,10.923M,11.075M,12.223M,13.944M,13.152M,13.524M,13.774M,13.494M,14.132M,14.853M,15.421M,15.54M,15.674M,16.644M,17.2M,17.638M,18.488M,19.67M,19.819M,
Cuba,CUB,0.745M,1.004M,1.17M,1.416M,1.603M,1.774M,1.775M,1.686M,1.906M,2.049M,2.319M,2.221M,2.152M,2.348M,2.43M,2.532M,2.716M,2.847M,2.862M,3.014M,3.54M,4.009M,4.654M,4.712M,4.276M,1.086M
Curacao,CUW,0.396M,0.387M,0.422M,0.437M,0.433M,0.514M,0.519M,0.545M,0.508M,0.452M,0.51M,0.572M,0.664M,0.773M,0.808M,0.762M,0.837M,0.908M,1.071M,1.129M,1.072M,0.944M,1.058M,1.21M,1.293M,
Cayman Islands,CYM,1.044M,1.173M,1.248M,1.275M,1.431M,1.385M,1.549M,1.878M,2.113M,1.953M,1.967M,2.197M,2.008M,1.856M,1.792M,1.886M,1.71M,1.829M,1.721M,1.993M,2.102M,2.097M,2.147M,2.384M,2.334M,0.66M
Cyprus,CYP,2.253M,2.089M,2.194M,2.357M,2.578M,2.912M,2.841M,2.495M,2.416M,2.478M,2.657M,2.629M,2.671M,2.631M,2.37M,2.45M,2.626M,2.635M,2.626M,2.558M,2.78M,3.286M,3.75M,4.024M,4.117M,
Czechia,CZE,,,,,,,,,20.108M,23.808M,24.747M,25.102M,22.625M,21.85M,23.285M,21.941M,22.81M,25.75M,26.332M,27.166M,29.604M,32.519M,34.701M,36.268M,37.202M,
Germany,DEU,14.847M,15.205M,15.837M,16.511M,17.116M,18.983M,17.861M,17.969M,18.399M,20.137M,21.5M,23.569M,24.421M,24.884M,24.22M,26.875M,28.374M,30.411M,31.545M,32.999M,34.97M,35.555M,37.452M,38.881M,39.563M,12.449M
Djibouti,DJI,0.021M,0.02M,0.02M,0.021M,0.021M,0.02M,0.022M,0.022M,0.023M,0.026M,0.03M,0.04M,0.04M,0.054M,0.058M,0.051M,0.056M,0.06M,0.063M,,,,,,,
Dominica,DMA,0.203M,0.261M,0.299M,0.312M,0.28M,0.312M,0.276M,0.208M,0.254M,0.466M,0.381M,0.465M,0.437M,0.468M,0.608M,0.595M,0.418M,0.348M,0.311M,0.37M,0.358M,0.356M,0.23M,0.199M,0.322M,0.14M
Denmark,DNK,,,,,,,,,21.119M,22.054M,26.927M,26.936M,27.138M,26.87M,26.571M,26.73M,25.811M,26.402M,26.516M,28.07M,28.209M,28.692M,30.736M,30.801M,33.093M,15.595M
Dominican Republic,DOM,1.806M,2.037M,2.482M,2.702M,2.932M,3.161M,3.09M,3.058M,3.68M,3.907M,3.981M,4.268M,4.365M,4.455M,4.489M,4.478M,4.654M,4.901M,5.114M,5.576M,6.129M,6.769M,7.296M,7.551M,7.55M,2.748M
Algeria,DZA,0.52M,0.605M,0.635M,0.678M,0.749M,0.866M,0.901M,0.988M,1.166M,1.234M,1.443M,1.638M,1.743M,1.772M,1.912M,2.07M,2.395M,2.634M,2.733M,2.301M,1.71M,2.039M,2.451M,2.657M,2.371M,0.591M
East Asia & Pacific (excluding high income),EAP,70.698M,77.174M,83.286M,88.454M,101.735M,116.41M,125.452M,136.49M,125.706M,152.728M,165.948M,174.722M,188.387M,188.916M,186.368M,200.103M,208.058M,211.756M,217.301M,219.5M,232.372M,246.129M,267.094M,281.13M,292.842M,
Early-demographic dividend,EAR,163.203M,170.264M,174.864M,177.704M,181.006M,190.532M,184.897M,190.887M,186.159M,208.858M,220.351M,222.513M,237.448M,253.966M,245.231M,260.218M,251.178M,266.77M,276.291M,298.03M,305.091M,301.877M,326.788M,350.577M,369.337M,
East Asia & Pacific,EAS,112.957M,124.181M,127.838M,130.699M,147.606M,168.455M,178.795M,194.873M,180.513M,224.751M,243.812M,259.502M,283.353M,281.4M,276.931M,306.945M,324.631M,341.732M,359.795M,378.068M,395.583M,422.31M,449.587M,480.202M,490.804M,
Europe & Central Asia (excluding high income),ECA,41.255M,47.928M,60.731M,53.958M,53.587M,61.157M,63.741M,69.762M,73.537M,83.794M,92.511M,95.696M,113.529M,123.904M,115.245M,119.087M,132.499M,142.151M,151.065M,140.838M,142.759M,134.101M,149.457M,169.085M,180.88M,
Europe & Central Asia,ECS,610.099M,647.081M,685.14M,695.696M,706.816M,746.29M,714.973M,723.772M,736.934M,784.677M,815.823M,854.328M,883.816M,884.796M,854.438M,869.779M,918.783M,944.561M,980.014M,997.037M,1026.805M,1055.432M,1112.981M,1157.868M,1199.188M,
Ecuador,ECU,0.44M,0.494M,0.529M,0.511M,0.518M,0.627M,0.641M,0.683M,0.761M,0.819M,0.86M,0.841M,0.937M,1.005M,0.968M,1.047M,1.141M,1.272M,1.364M,1.695M,1.676M,1.569M,1.806M,2.535M,2.108M,
"Egypt, Arab Rep.",EGY,3.133M,3.896M,3.961M,3.454M,4.797M,5.506M,4.648M,5.192M,6.044M,8.104M,8.608M,9.083M,11.091M,12.835M,12.536M,14.731M,9.845M,11.532M,9.464M,9.878M,9.328M,5.399M,8.292M,11.346M,13.026M,
Euro area,EMU,,,,,,,,,,453.62M,462.527M,489.625M,494.728M,495.769M,483.881M,491.73M,514.734M,520.092M,539.066M,555.108M,571.048M,590.598M,617.852M,638.608M,655.573M,
Eritrea,ERI,0.315M,0.417M,0.41M,0.188M,0.057M,0.07M,0.113M,0.101M,0.08M,0.087M,0.083M,0.078M,0.081M,0.07M,0.079M,0.084M,0.107M,0.129M,0.141M,0.119M,0.114M,0.142M,,,,
Spain,ESP,52.46M,55.077M,62.415M,68.068M,72.04M,74.58M,75.564M,79.313M,82.326M,85.981M,92.563M,96.152M,98.907M,97.67M,91.899M,93.744M,99.187M,98.128M,103.231M,107.144M,109.834M,115.561M,121.717M,124.456M,126.17M,36.41M
Estonia,EST,2.111M,2.444M,2.618M,2.909M,3.181M,3.31M,3.23M,3.253M,3.378M,,,,,3.828M,3.834M,4.369M,4.907M,5.007M,5.737M,5.804M,5.696M,5.942M,6.145M,6.033M,6.103M,1.695M
Ethiopia,ETH,0.103M,0.109M,0.139M,0.112M,0.115M,0.136M,0.148M,0.156M,0.18M,0.184M,0.227M,0.33M,0.358M,0.383M,0.427M,0.468M,0.523M,0.597M,0.681M,0.77M,0.864M,0.871M,0.933M,0.849M,0.812M,0.518M
European Union,EUU,543.502M,568.078M,592.858M,608.641M,622.202M,650.173M,616.082M,615.268M,625.662M,658.493M,678.885M,711.023M,723.201M,717.085M,695.775M,708.411M,743.016M,759.682M,784.371M,809.619M,835.937M,870.371M,910.869M,938.486M,968.873M,
Fragile and conflict affected situations,FCS,10.766M,11.567M,10.979M,11.909M,12.5M,13.33M,14.607M,16.446M,17.35M,19.976M,20.088M,21.664M,25.383M,29.047M,31.567M,36.919M,30.416M,32.472M,33.261M,,,,,,,
Finland,FIN,1.779M,1.724M,1.832M,2.644M,2.454M,2.714M,2.826M,2.875M,2.601M,2.84M,3.14M,3.375M,3.519M,3.583M,3.423M,3.67M,4.192M,4.226M,2.797M,2.731M,2.622M,2.789M,3.18M,3.224M,3.29M,0.896M
Fiji,FJI,0.476M,0.534M,0.547M,0.499M,0.544M,0.434M,0.446M,0.461M,0.451M,0.513M,0.547M,,0.542M,0.627M,0.605M,0.692M,0.734M,0.741M,0.769M,0.781M,0.869M,0.963M,1.027M,1.058M,0.969M,0.168M
France,FRA,,148.263M,157.551M,,,,,,,190.282M,185.829M,193.882M,193.319M,193.571M,192.369M,189.826M,196.595M,197.522M,204.41M,206.599M,203.302M,203.042M,207.274M,211.998M,217.877M,117.109M
Faroe Islands,FRO,,,,,,,,,,,,,,,,,,,,,,,,,,
"Micronesia, Fed. Sts.",FSM,,0.018M,0.017M,0.013M,0.016M,0.02M,0.015M,0.019M,0.018M,0.019M,0.019M,0.019M,0.021M,0.026M,0.048M,0.045M,0.035M,0.038M,0.042M,0.035M,0.031M,0.03M,,0.019M,0.018M,
Gabon,GAB,0.203M,0.217M,0.247M,0.274M,0.262M,0.23M,0.236M,0.269M,0.234M,0.351M,0.526M,,,,,,,,,,,,,,,
United Kingdom,GBR,23.537M,25.163M,25.515M,25.745M,25.394M,25.209M,22.835M,24.18M,24.715M,27.755M,29.97M,32.713M,32.778M,31.888M,31.072M,30.398M,31.886M,32.221M,33.567M,35.337M,36.792M,39.129M,41.08M,40.283M,40.857M,11.101M
Georgia,GEO,0.085M,0.117M,0.313M,0.317M,0.384M,0.387M,0.302M,0.298M,0.313M,0.368M,0.56M,0.983M,1.052M,1.29M,1.5M,2.032M,2.712M,4.106M,4.954M,5.004M,5.256M,5.393M,6.483M,7.203M,7.726M,1.513M
Ghana,GHA,0.286M,0.305M,0.325M,0.348M,0.373M,0.399M,0.439M,0.483M,0.531M,0.584M,0.429M,0.497M,0.587M,0.698M,0.803M,0.931M,0.821M,0.903M,0.994M,0.825M,0.897M,,,,,
Gibraltar,GIB,,,,,,,,,,,,,,,,,,,,,,,,,,
Guinea,GIN,,0.012M,0.017M,0.023M,0.027M,0.033M,0.038M,0.043M,0.044M,0.045M,0.045M,0.046M,0.03M,0.024M,,0.012M,0.131M,0.096M,0.056M,0.033M,0.035M,0.063M,0.099M,,,
"Gambia, The",GMB,0.045M,0.077M,0.085M,0.091M,0.096M,0.079M,0.057M,0.081M,0.089M,0.09M,0.108M,0.125M,0.143M,0.147M,0.142M,0.091M,0.106M,0.157M,0.171M,0.156M,0.449M,0.45M,0.522M,0.552M,0.62M,0.246M
Guinea-Bissau,GNB,,,,,,,0.008M,,,,0.005M,0.012M,0.016M,0.018M,0.016M,0.022M,0.037M,0.035M,0.036M,0.036M,0.044M,0.045M,0.05M,0.055M,0.052M,
Equatorial Guinea,GNQ,,,,,,,,,,,,,,,,,,,,,,,,,,
Greece,GRC,10.712M,9.782M,10.588M,11.364M,12.606M,13.567M,14.678M,14.918M,14.785M,14.268M,15.938M,17.284M,,,,,,,20.112M,24.272M,26.114M,28.071M,30.161M,33.072M,34.005M,7.406M
Grenada,GRD,0.369M,0.386M,0.368M,0.392M,0.379M,0.316M,0.277M,0.271M,0.294M,0.37M,0.38M,0.342M,0.406M,0.428M,0.46M,0.445M,0.447M,0.37M,0.327M,0.387M,0.437M,0.474M,0.468M,0.529M,0.526M,0.217M
Greenland,GRL,,,,,,,,,,,,,,,,,,,,,,,,,,
Guatemala,GTM,0.563M,0.52M,0.576M,0.636M,0.823M,0.826M,0.835M,0.884M,0.88M,1.182M,1.316M,1.502M,1.628M,1.715M,1.311M,1.384M,1.434M,1.491M,1.516M,1.739M,1.865M,1.906M,2.12M,2.406M,2.56M,0.594M
Guam,GUM,1.362M,1.373M,1.382M,1.137M,1.162M,1.287M,1.159M,1.059M,0.91M,1.16M,1.228M,1.212M,1.225M,1.142M,1.053M,1.197M,1.16M,1.308M,1.334M,1.343M,1.409M,1.536M,1.545M,1.549M,1.667M,0.328M
Guyana,GUY,0.106M,0.092M,0.076M,0.066M,0.075M,0.105M,0.099M,0.104M,0.101M,0.122M,0.117M,0.113M,0.134M,0.13M,0.141M,0.152M,0.157M,0.177M,0.2M,0.206M,0.207M,0.235M,0.247M,0.287M,0.315M,0.086M
High income,HIC,790.212M,829.886M,856.25M,866.37M,886.282M,929.784M,884.987M,879.166M,871.624M,939.596M,969.91M,1128.257M,1143.132M,1134.881M,1087.553M,1124.272M,1153.168M,1215.901M,1266.071M,1315.758M,1349.915M,1403.51M,1453.128M,1491.87M,1522.43M,
"Hong Kong SAR, China",HKG,10.2M,12.974M,11.273M,10.16M,11.328M,13.059M,13.725M,16.566M,15.537M,21.811M,23.359M,25.251M,28.169M,29.507M,29.591M,36.03M,41.921M,48.615M,54.299M,60.839M,59.308M,56.655M,58.472M,65.148M,55.913M,3.569M
Honduras,HND,,0.271M,0.31M,0.324M,0.428M,0.689M,0.672M,0.788M,0.887M,1.026M,1.118M,1.136M,1.309M,1.561M,1.589M,1.965M,1.852M,1.903M,1.857M,2.082M,2.093M,2.228M,2.144M,2.323M,2.315M,0.669M
Heavily indebted poor countries (HIPC),HPC,,5.75M,6.186M,6.328M,7.116M,7.779M,8.16M,9.043M,9.193M,10.21M,11.488M,12.898M,14.614M,15.476M,15.906M,17.437M,19.069M,20.446M,21.286M,21.852M,23.619M,25.289M,27.119M,29.458M,29.135M,
Croatia,HRV,16.1M,19.085M,23.66M,25.499M,29.215M,37.226M,40.129M,41.737M,42.857M,44.974M,45.762M,47.733M,52.271M,51.336M,47.573M,49.006M,49.969M,47.185M,48.345M,51.168M,55.858M,57.587M,59.238M,57.668M,60.021M,21.608M
Haiti,HTI,0.37M,0.4M,0.387M,0.393M,0.386M,0.445M,0.499M,0.482M,0.518M,0.385M,0.48M,0.558M,0.868M,0.758M,0.826M,0.793M,0.946M,0.959M,1.064M,1.128M,1.19M,1.153M,1.262M,1.333M,0.938M,
Hungary,HUN,39.24M,39.833M,37.315M,33.624M,28.803M,31.141M,30.679M,31.739M,31.412M,33.934M,36.173M,38.318M,39.379M,39.554M,40.624M,39.904M,41.304M,43.565M,43.611M,45.984M,48.345M,52.89M,54.962M,57.667M,61.397M,31.641M
IBRD only,IBD,356.803M,381.712M,407.772M,414.169M,437.117M,468.296M,453.338M,461.401M,453.204M,519.447M,553.668M,569.029M,606.513M,614.738M,588.744M,618.728M,631.384M,653.441M,674.499M,683.101M,710.625M,732.382M,787.599M,823.989M,852.167M,
IDA & IBRD total,IBT,385.651M,413.555M,441.764M,449.512M,474.501M,508.312M,493.824M,504.228M,496.86M,569.824M,606.223M,626.142M,671.923M,683.771M,659.262M,695.223M,706.71M,733.807M,759.074M,771.436M,805.369M,826.248M,889.465M,939.01M,974.463M,
IDA total,IDA,15.731M,17.911M,19.106M,20.294M,21.509M,23.005M,24.183M,26.352M,27.592M,31.98M,32.888M,37.121M,44.274M,47.671M,50.223M,55.256M,53.614M,58.251M,62.02M,65.942M,71.927M,71.606M,78.202M,93.09M,100.914M,
IDA blend,IDB,,,,,,,,,,,,,,,,,,,,,,,,,,
Indonesia,IDN,4.324M,5.034M,5.185M,4.606M,4.728M,5.064M,5.153M,5.033M,4.467M,5.321M,5.002M,4.871M,5.506M,6.234M,6.324M,7.003M,7.65M,8.044M,8.802M,9.435M,10.407M,11.519M,14.04M,15.81M,16.107M,4.053M
IDA only,IDX,8.091M,9.357M,9.636M,9.988M,10.993M,12.505M,13.101M,15.035M,15.536M,18.458M,19.225M,21.222M,24.248M,27.425M,28.67M,32.649M,32.417M,35.989M,40.041M,42.827M,46.443M,46.337M,50.309M,58.328M,63.144M,
Isle of Man,IMN,,,,,,,,,,,,,,,,,,,,,,,,,,
India,IND,2.124M,2.288M,2.374M,2.359M,2.482M,2.649M,2.537M,2.384M,2.726M,3.457M,3.919M,4.447M,5.082M,5.283M,5.168M,5.776M,6.309M,6.578M,6.968M,13.107M,13.284M,14.57M,15.543M,17.423M,17.914M,
Not classified,INX,,,,,,,,,,,,,,,,,,,,,,,,,,
Ireland,IRL,4.818M,5.289M,5.587M,6.064M,6.403M,6.646M,6.353M,6.476M,6.764M,6.953M,7.333M,8.001M,8.332M,8.026M,7.189M,7.134M,7.63M,7.55M,8.26M,8.813M,9.528M,10.1M,10.338M,10.926M,10.951M,
"Iran, Islamic Rep.",IRN,0.452M,0.573M,0.764M,1.008M,1.321M,1.342M,1.402M,1.585M,1.546M,1.659M,1.889M,2.735M,2.219M,2.034M,2.116M,2.938M,3.354M,3.834M,4.769M,4.968M,5.237M,4.942M,4.867M,7.295M,9.107M,1.55M
Iraq,IRQ,0.061M,0.051M,0.015M,0.045M,0.03M,0.078M,0.127M,,,,,,,0.864M,1.262M,1.518M,1.51M,1.111M,0.892M,,,,,,,
Iceland,ISL,0.211M,0.223M,0.223M,0.255M,0.281M,0.328M,0.329M,0.315M,0.348M,0.405M,0.429M,0.477M,0.539M,0.561M,0.563M,0.559M,0.628M,0.765M,0.9M,1.102M,1.389M,1.891M,2.353M,2.488M,2.202M,0.488M
Israel,ISR,2.53M,2.36M,2.295M,2.2M,2.566M,2.672M,1.219M,0.862M,,1.506M,1.916M,1.834M,2.294M,3.034M,2.74M,3.444M,3.362M,3.52M,3.54M,3.251M,3.109M,3.07M,3.863M,4.389M,4.905M,
Italy,ITA,55.706M,59.805M,57.998M,58.499M,59.521M,62.702M,60.96M,63.561M,63.026M,58.48M,59.23M,66.353M,70.271M,70.719M,71.692M,73.225M,75.866M,76.293M,76.762M,77.694M,81.068M,84.925M,89.931M,93.229M,95.399M,38.419M
Jamaica,JAM,1.752M,1.821M,1.904M,1.899M,2.013M,2.23M,2.117M,2.131M,2.483M,2.515M,2.615M,3.016M,2.88M,2.859M,2.753M,2.832M,3.077M,3.306M,3.274M,3.504M,3.692M,3.837M,4.276M,4.319M,4.233M,1.33M
Jordan,JOR,3.277M,3.164M,3.068M,3.438M,3.231M,2.7M,3.034M,4.677M,4.6M,5.587M,5.817M,6.573M,6.529M,7.1M,7.085M,8.078M,6.813M,6.314M,5.389M,5.327M,4.809M,4.236M,4.565M,4.922M,5.361M,1.24M
Japan,JPN,3.345M,3.837M,4.218M,4.106M,4.438M,4.757M,4.772M,5.239M,5.212M,6.138M,6.728M,7.334M,8.347M,8.351M,6.79M,8.611M,6.219M,8.358M,10.364M,13.413M,19.737M,24.039M,28.691M,31.191M,31.881M,4.116M
Kazakhstan,KAZ,,0.202M,0.284M,0.257M,0.394M,1.683M,2.693M,3.678M,3.237M,4.291M,4.365M,4.707M,5.311M,4.117M,3.774M,4.097M,5.685M,6.163M,6.841M,6.333M,6.43M,6.509M,7.701M,8.789M,8.515M,2.035M
Kenya,KEN,0.974M,1.003M,1.001M,0.894M,0.969M,1.037M,0.994M,1.001M,1.146M,1.361M,1.479M,1.601M,1.817M,1.203M,1.49M,1.609M,1.823M,1.711M,1.52M,1.35M,1.181M,1.34M,1.449M,2.025M,2.049M,
Kyrgyz Republic,KGZ,,,,0.29M,0.165M,0.173M,0.199M,0.183M,0.342M,0.398M,0.319M,0.766M,1.656M,2.379M,2.451M,1.224M,3.025M,3.393M,4.134M,3.791M,4.0M,3.853M,4.568M,6.947M,8.508M,
Cambodia,KHM,0.22M,0.26M,0.219M,0.287M,0.368M,0.466M,0.605M,0.787M,0.701M,1.055M,1.422M,1.7M,2.015M,2.125M,2.162M,2.508M,2.882M,3.584M,4.21M,4.503M,4.775M,5.012M,5.602M,6.201M,6.611M,1.306M
Kiribati,KIR,,,,,0.02M,0.013M,0.014M,0.12M,0.13M,0.064M,0.05M,0.011M,0.032M,,,,,,,0.008M,0.008M,0.008M,0.008M,0.009M,0.012M,
St. Kitts and Nevis,KNA,0.203M,0.172M,0.194M,0.25M,0.226M,0.247M,0.334M,0.24M,0.247M,0.383M,0.365M,0.35M,0.379M,0.533M,0.548M,0.624M,0.723M,0.666M,0.695M,0.818M,1.036M,1.055M,1.194M,1.278M,1.107M,0.301M
"Korea, Rep.",KOR,3.753M,3.684M,3.908M,4.25M,4.66M,5.322M,5.147M,5.347M,4.753M,5.818M,6.023M,6.155M,6.448M,6.891M,7.818M,8.798M,9.795M,11.14M,12.176M,14.202M,13.232M,17.242M,13.336M,15.347M,17.503M,2.519M
Kuwait,KWT,1.443M,1.565M,1.638M,1.763M,1.884M,1.944M,2.072M,2.316M,2.602M,3.056M,3.474M,3.899M,4.482M,4.736M,5.088M,5.208M,5.574M,5.729M,6.217M,6.528M,6.941M,7.055M,7.407M,8.508M,8.565M,2.161M
Latin America & Caribbean (excluding high income),LAC,118.76M,122.092M,124.223M,128.597M,131.143M,135.852M,129.632M,128.165M,122.615M,132.973M,139.294M,136.738M,135.404M,136.305M,130.549M,128.009M,124.212M,126.982M,129.584M,136.667M,145.821M,156.33M,165.093M,164.604M,165.233M,
Lao PDR,LAO,0.346M,0.403M,0.463M,0.5M,0.614M,0.737M,0.674M,0.736M,0.636M,0.895M,1.095M,1.215M,1.624M,1.737M,2.008M,2.513M,2.724M,3.33M,3.779M,4.159M,4.684M,4.239M,3.869M,4.186M,4.791M,0.886M
Lebanon,LBN,0.45M,0.424M,0.558M,0.631M,0.673M,0.742M,0.837M,0.956M,1.016M,1.278M,1.14M,1.063M,1.017M,1.333M,1.844M,2.168M,1.655M,1.366M,1.274M,1.355M,1.518M,1.688M,1.857M,1.964M,1.936M,
Liberia,LBR,,,,,,,,,,,,,,,,,,,,,,,,,,
Libya,LBY,1.832M,1.276M,0.913M,0.85M,0.965M,0.963M,0.953M,0.858M,0.958M,,,0.125M,0.106M,0.76M,,,,,,,,,,,,
St. Lucia,LCA,0.407M,0.422M,0.563M,0.629M,0.666M,0.727M,0.747M,0.648M,0.683M,0.791M,0.72M,0.67M,0.905M,0.925M,0.982M,0.984M,0.95M,0.889M,0.921M,0.987M,1.031M,0.948M,1.064M,1.165M,1.22M,0.432M
Latin America & Caribbean,LCN,140.093M,144.212M,147.783M,152.444M,154.423M,161.345M,155.631M,152.948M,148.08M,161.111M,167.84M,165.383M,164.051M,165.006M,158.419M,157.336M,155.234M,159.17M,162.605M,171.231M,182.042M,193.556M,202.721M,201.522M,201.856M,
Least developed countries: UN classification,LDC,5.473M,6.658M,6.958M,7.095M,7.951M,8.411M,8.823M,9.811M,9.708M,11.145M,12.956M,14.53M,16.999M,18.005M,18.594M,20.467M,23.22M,26.002M,28.996M,31.645M,33.503M,32.625M,34.558M,38.556M,40.176M,
Low income,LIC,,,,,,,4.423M,5.834M,5.908M,7.428M,7.489M,7.947M,8.225M,9.78M,10.644M,13.44M,11.066M,11.79M,12.106M,12.211M,11.563M,13.029M,14.021M,17.022M,17.41M,
Liechtenstein,LIE,0.059M,0.056M,0.057M,0.059M,0.06M,0.062M,0.056M,0.049M,0.049M,0.048M,0.05M,0.055M,0.073M,0.073M,0.066M,0.064M,0.067M,0.062M,0.06M,0.061M,0.057M,0.069M,0.079M,0.085M,0.098M,0.058M
Sri Lanka,LKA,0.414M,0.315M,0.384M,0.409M,0.465M,0.445M,0.397M,0.457M,0.583M,0.681M,0.669M,0.689M,0.592M,0.526M,0.538M,0.766M,0.976M,1.133M,1.415M,1.665M,1.993M,2.168M,2.248M,2.521M,2.027M,0.54M
Lower middle income,LMC,40.349M,44.942M,56.688M,53.669M,57.315M,60.823M,61.303M,64.049M,69.067M,82.273M,88.54M,96.433M,112.971M,120.779M,117.207M,126.945M,125.757M,136.178M,142.765M,140.616M,145.156M,146.764M,166.574M,192.814M,207.722M,
Low & middle income,LMY,277.743M,296.977M,319.785M,325.18M,346.142M,376.461M,382.836M,403.925M,394.043M,453.547M,486.277M,503.389M,543.032M,562.444M,548.334M,578.189M,585.014M,607.554M,626.413M,634.344M,658.163M,673.875M,731.331M,782.001M,814.041M,
Lesotho,LSO,0.209M,0.312M,0.313M,0.29M,0.308M,0.302M,0.295M,0.287M,0.329M,0.304M,0.304M,0.357M,0.3M,0.293M,0.344M,0.426M,0.398M,0.423M,0.433M,1.079M,1.082M,1.196M,1.137M,1.173M,1.142M,
Late-demographic dividend,LTE,208.727M,226.459M,237.061M,246.545M,266.218M,284.253M,271.214M,272.907M,267.563M,312.413M,331.645M,347.356M,369.42M,367.076M,353.529M,375.169M,394.674M,413.362M,430.929M,437.116M,460.462M,479.145M,508.82M,532.235M,549.832M,
Lithuania,LTU,2.6M,3.497M,3.702M,4.287M,4.454M,4.092M,4.195M,3.999M,3.635M,,,,4.251M,4.459M,4.001M,4.073M,4.504M,4.979M,5.264M,5.217M,5.048M,5.322M,5.59M,6.115M,6.15M,2.284M
Luxembourg,LUX,0.768M,0.724M,0.778M,0.789M,0.863M,0.852M,0.836M,0.885M,0.867M,0.878M,0.913M,0.908M,0.914M,0.877M,0.847M,0.805M,0.874M,0.95M,0.945M,1.038M,1.09M,1.054M,1.046M,1.018M,1.041M,0.525M
Latvia,LVA,1.633M,1.75M,1.842M,1.788M,1.738M,1.882M,2.061M,2.297M,2.524M,3.127M,3.791M,4.649M,5.209M,5.496M,4.727M,5.042M,5.538M,5.569M,5.822M,6.246M,6.842M,6.797M,7.726M,7.775M,8.342M,3.204M
"Macao SAR, China",MAC,7.752M,8.151M,7.0M,6.949M,7.444M,9.162M,10.279M,11.531M,11.888M,16.673M,18.711M,21.998M,27.003M,22.933M,21.753M,24.965M,28.002M,28.082M,29.325M,31.526M,30.715M,30.95M,32.611M,35.804M,39.406M,5.897M
St. Martin (French part),MAF,,,,,,,,,,,,,,,,,,,,,,,,,,
Morocco,MAR,2.752M,2.856M,3.203M,3.267M,4.088M,4.458M,4.596M,4.709M,5.021M,5.732M,6.077M,6.777M,7.701M,8.209M,8.661M,9.752M,9.784M,9.83M,10.349M,10.507M,10.542M,10.677M,11.54M,12.489M,13.109M,2.802M
Monaco,MCO,0.233M,0.226M,0.259M,0.278M,0.278M,0.3M,0.27M,0.263M,0.235M,0.25M,0.286M,0.313M,0.328M,0.324M,0.265M,0.279M,0.295M,0.292M,0.328M,0.329M,0.331M,0.336M,0.355M,0.347M,0.363M,0.159M
Moldova,MDA,0.032M,0.029M,0.021M,0.019M,0.014M,0.018M,0.016M,0.018M,0.021M,0.069M,0.067M,0.063M,0.07M,0.073M,0.06M,0.064M,0.075M,0.089M,0.096M,0.094M,0.094M,0.121M,0.145M,0.16M,0.174M,0.029M
Madagascar,MDG,0.115M,,,,,,,,,,,,,,,,,,,,0.282M,0.333M,0.285M,0.36M,0.486M,0.087M
Maldives,MDV,0.315M,0.339M,0.366M,0.396M,0.43M,0.467M,0.461M,0.485M,0.564M,0.617M,0.395M,0.602M,0.676M,0.683M,0.656M,0.792M,0.931M,0.958M,1.125M,1.205M,1.234M,1.286M,1.39M,1.484M,1.703M,0.555M
Middle East & North Africa,MEA,,,,,,,,,,80.627M,83.146M,90.007M,99.102M,115.02M,113.027M,130.362M,111.859M,124.596M,125.861M,133.162M,126.209M,119.351M,127.054M,139.804M,152.571M,
Mexico,MEX,85.446M,90.394M,92.915M,95.214M,99.869M,105.673M,100.718M,100.153M,92.33M,99.25M,103.146M,97.701M,93.582M,92.948M,88.044M,81.953M,75.732M,76.749M,78.1M,81.042M,87.129M,94.853M,99.349M,96.497M,97.406M,51.128M
Marshall Islands,MHL,0.006M,0.006M,0.006M,0.006M,0.005M,0.005M,0.005M,0.006M,0.007M,0.009M,0.009M,0.006M,0.007M,0.006M,0.005M,0.005M,0.005M,0.005M,,0.005M,0.006M,0.005M,0.006M,0.007M,0.006M,
Middle income,MIC,272.242M,290.884M,313.607M,319.024M,339.71M,369.018M,375.001M,394.155M,384.234M,441.446M,473.914M,490.341M,529.428M,546.648M,531.428M,557.355M,567.578M,589.199M,607.531M,615.264M,639.289M,655.231M,711.195M,758.858M,790.163M,
North Macedonia,MKD,0.147M,0.136M,0.121M,0.157M,0.181M,0.224M,0.099M,0.123M,0.158M,0.165M,0.197M,0.202M,0.23M,0.255M,0.259M,0.262M,0.327M,0.351M,0.4M,0.425M,0.486M,0.51M,0.631M,0.707M,0.758M,0.118M
Mali,MLI,0.042M,0.098M,0.075M,0.083M,0.082M,0.086M,0.089M,0.096M,0.11M,0.113M,0.143M,0.153M,0.164M,0.19M,0.16M,0.169M,0.16M,0.134M,0.142M,0.168M,0.159M,0.173M,0.193M,0.203M,0.217M,
Malta,MLT,1.193M,1.123M,1.238M,1.326M,1.402M,1.387M,1.439M,1.483M,1.512M,1.428M,1.484M,1.521M,1.723M,1.832M,1.608M,1.815M,1.916M,2.007M,2.013M,2.162M,2.383M,2.592M,2.944M,3.232M,3.519M,0.718M
Myanmar,MMR,0.194M,0.49M,0.491M,0.478M,0.435M,0.416M,0.475M,0.487M,0.597M,0.657M,0.66M,0.63M,0.716M,0.731M,0.763M,0.792M,0.816M,1.059M,2.044M,3.081M,4.681M,2.907M,3.443M,3.551M,4.364M,0.903M
Middle East & North Africa (excluding high income),MNA,19.191M,19.511M,20.051M,20.887M,23.818M,25.594M,25.76M,29.063M,30.68M,37.57M,38.948M,42.01M,44.628M,50.431M,53.337M,62.925M,50.268M,53.405M,51.879M,51.969M,47.237M,41.374M,48.55M,58.808M,65.756M,
Montenegro,MNE,,,,,,,,0.136M,0.142M,0.188M,0.272M,0.378M,0.984M,1.031M,1.044M,1.088M,1.201M,1.264M,1.324M,1.35M,1.56M,1.662M,1.877M,2.077M,2.51M,0.351M
Mongolia,MNG,0.108M,0.071M,0.082M,0.197M,0.16M,0.158M,0.192M,0.235M,0.205M,0.305M,0.345M,0.408M,0.455M,0.469M,0.465M,0.557M,0.627M,0.624M,0.515M,0.506M,0.467M,0.471M,0.543M,0.598M,0.637M,0.067M
Northern Mariana Islands,MNP,0.676M,0.736M,0.695M,0.49M,0.502M,0.529M,0.444M,0.476M,0.459M,0.536M,0.507M,0.436M,0.389M,0.397M,0.354M,0.379M,0.341M,0.401M,0.439M,0.46M,0.479M,0.531M,0.66M,0.518M,0.487M,
Mozambique,MOZ,,,,,,,0.404M,0.943M,0.726M,0.711M,0.954M,1.095M,1.259M,1.439M,1.711M,1.836M,2.013M,2.206M,1.97M,1.751M,1.634M,1.715M,1.514M,2.87M,2.033M,
Mauritania,MRT,,,,,0.024M,0.03M,,,,,,,,,,,,,,,,,,,,
Mauritius,MUS,0.437M,0.509M,0.558M,0.579M,0.6M,0.678M,0.675M,0.709M,0.721M,0.739M,0.782M,0.807M,0.933M,0.97M,0.89M,0.956M,0.983M,0.984M,1.015M,1.065M,1.174M,1.307M,1.371M,1.431M,1.418M,0.316M
Malawi,MWI,0.192M,0.194M,0.207M,0.22M,0.254M,0.228M,0.266M,0.383M,0.424M,0.427M,0.438M,0.638M,0.735M,0.742M,0.755M,0.746M,0.767M,0.77M,0.795M,0.819M,0.805M,0.849M,0.837M,0.871M,,
Malaysia,MYS,7.469M,7.138M,6.211M,5.551M,7.931M,10.222M,12.775M,13.292M,10.577M,15.703M,16.431M,17.547M,20.973M,22.052M,23.646M,24.577M,24.714M,25.033M,25.715M,27.437M,25.721M,26.757M,25.948M,25.832M,26.101M,4.333M
North America,NAC,121.946M,126.582M,128.163M,123.389M,125.4M,127.52M,118.58M,109.814M,101.468M,106.929M,108.161M,217.203M,206.332M,203.623M,185.758M,188.476M,172.989M,197.558M,205.053M,204.449M,205.017M,206.045M,206.061M,201.365M,198.713M,
Namibia,NAM,0.421M,0.56M,0.61M,0.681M,0.694M,0.759M,0.7M,0.799M,0.739M,0.986M,0.856M,0.961M,1.048M,1.079M,1.1M,1.114M,1.163M,1.245M,1.327M,1.429M,1.488M,1.551M,1.581M,1.639M,1.651M,0.187M
New Caledonia,NCL,0.086M,0.091M,0.105M,0.104M,0.1M,0.11M,0.101M,0.104M,0.102M,0.1M,0.101M,0.1M,0.103M,0.104M,0.099M,0.099M,0.112M,0.112M,0.108M,0.107M,0.114M,0.116M,0.121M,0.12M,0.13M,0.031M
Niger,NER,0.035M,0.068M,0.068M,0.041M,0.039M,0.05M,0.052M,0.039M,0.055M,0.057M,0.058M,0.06M,0.048M,0.073M,0.066M,0.074M,0.082M,0.094M,0.123M,0.135M,0.135M,0.152M,0.164M,0.157M,0.192M,0.085M
Nigeria,NGA,1.031M,1.23M,1.292M,1.357M,1.425M,1.492M,1.753M,2.046M,2.253M,2.646M,2.778M,3.056M,5.239M,5.82M,6.053M,6.113M,3.765M,4.673M,4.038M,4.803M,6.017M,5.265M,,,,
Nicaragua,NIC,0.341M,0.388M,0.453M,0.483M,0.53M,0.581M,0.584M,0.579M,0.646M,0.735M,0.804M,0.891M,0.978M,1.011M,1.01M,1.071M,1.122M,1.233M,1.273M,1.39M,1.456M,1.596M,1.958M,1.412M,1.455M,0.474M
Netherlands,NLD,6.574M,6.58M,7.841M,9.312M,9.874M,10.003M,9.5M,9.595M,9.181M,9.646M,10.012M,10.739M,11.008M,10.104M,9.921M,10.883M,11.3M,11.68M,12.783M,13.925M,15.007M,15.828M,17.924M,18.78M,20.129M,7.265M
Norway,NOR,2.88M,2.746M,2.702M,3.256M,3.223M,3.104M,3.073M,3.111M,3.269M,3.628M,3.824M,4.07M,4.377M,4.347M,4.346M,4.767M,4.963M,4.538M,4.778M,4.855M,5.361M,5.96M,6.252M,5.688M,5.879M,1.397M
Nepal,NPL,0.363M,0.394M,0.422M,0.464M,0.492M,0.464M,0.361M,0.275M,0.338M,0.385M,0.375M,0.384M,0.527M,0.5M,0.51M,0.603M,0.736M,0.803M,0.798M,0.79M,0.539M,0.753M,0.94M,1.173M,1.197M,0.23M
Nauru,NRU,,,,,,,,,,,,,,,,,,,,,,,,,,
New Zealand,NZL,1.409M,1.529M,1.497M,1.485M,1.607M,1.787M,1.909M,2.045M,2.104M,2.334M,2.366M,2.409M,2.455M,2.483M,2.473M,2.53M,2.617M,2.574M,2.71M,2.854M,3.129M,3.494M,3.723M,3.858M,3.888M,0.996M
OECD members,OED,795.118M,831.173M,856.884M,869.659M,883.338M,914.41M,857.416M,845.245M,829.226M,883.811M,917.094M,1057.049M,1057.757M,1052.02M,1012.277M,1023.509M,1038.728M,1089.41M,1129.791M,1163.739M,1200.191M,1244.329M,1299.261M,1331.201M,1364.525M,
Oman,OMN,,,,,,,1.095M,1.112M,1.21M,1.407M,1.101M,1.385M,1.36M,1.54M,1.584M,1.5M,1.393M,1.714M,1.923M,2.225M,2.634M,3.207M,3.178M,3.242M,3.506M,0.869M
Other small states,OSS,16.652M,16.884M,18.57M,19.11M,20.547M,22.029M,22.7M,23.252M,23.525M,25.485M,25.761M,28.0M,30.899M,32.781M,32.487M,37.844M,33.747M,36.2M,39.517M,42.942M,43.654M,46.851M,49.98M,51.524M,51.93M,
Pakistan,PAK,0.378M,0.369M,0.375M,0.429M,0.432M,0.557M,0.5M,0.498M,0.501M,0.648M,0.798M,0.898M,0.84M,0.823M,0.855M,0.907M,1.161M,0.966M,,,,,,,,
Panama,PAN,0.417M,0.443M,0.504M,0.529M,0.555M,0.6M,0.737M,0.8M,0.897M,1.004M,1.07M,1.215M,1.428M,1.575M,1.562M,1.726M,2.004M,2.086M,2.202M,2.305M,2.553M,2.379M,2.517M,2.487M,2.494M,0.647M
Peru,PER,,,,,,,,,,1.65M,1.938M,2.227M,2.451M,2.581M,2.681M,2.948M,3.299M,3.642M,4.01M,4.062M,4.381M,4.718M,4.992M,5.384M,5.275M,1.119M
Philippines,PHL,1.76M,2.049M,2.223M,2.149M,2.171M,1.992M,1.797M,1.933M,1.907M,2.291M,2.623M,2.843M,3.092M,3.139M,3.017M,3.52M,3.917M,4.273M,4.681M,4.833M,5.361M,5.967M,6.621M,7.168M,8.261M,1.483M
Palau,PLW,0.053M,0.069M,0.074M,0.064M,0.055M,0.058M,0.054M,0.059M,0.063M,0.089M,0.081M,0.082M,0.088M,0.081M,0.071M,0.085M,0.111M,0.12M,0.108M,0.14M,0.162M,0.138M,0.123M,0.106M,0.094M,0.018M
Papua New Guinea,PNG,,,,,,,,,,,,,,0.12M,0.126M,0.146M,0.165M,0.175M,0.182M,0.191M,0.199M,0.198M,0.182M,0.195M,0.211M,0.039M
Poland,POL,82.244M,87.439M,87.817M,88.592M,89.118M,84.515M,61.431M,50.735M,52.13M,61.918M,64.606M,65.115M,66.208M,59.935M,53.84M,58.34M,60.745M,67.39M,72.31M,73.75M,77.743M,80.476M,83.804M,85.946M,88.515M,
Pre-demographic dividend,PRE,5.604M,6.361M,6.655M,6.706M,7.482M,7.837M,8.49M,9.598M,9.756M,11.372M,12.788M,14.208M,17.964M,18.545M,19.842M,21.206M,20.093M,21.34M,20.781M,21.409M,24.065M,24.363M,,,,
Puerto Rico,PRI,4.087M,4.11M,4.35M,4.671M,4.221M,4.566M,4.908M,4.364M,4.402M,4.889M,5.073M,5.022M,5.062M,5.213M,4.415M,4.379M,4.214M,4.197M,4.21M,4.456M,5.051M,5.003M,4.927M,4.26M,4.931M,3.882M
"Korea, Dem. People's Rep.",PRK,,,,,,,,,,,,,,,,,,,,,,,,,,
Portugal,PRT,9.511M,9.73M,10.172M,11.295M,11.632M,12.097M,12.167M,11.644M,11.707M,10.639M,10.612M,11.282M,6.788M,6.962M,6.439M,6.756M,7.264M,7.503M,9.177M,10.497M,11.723M,13.359M,15.432M,16.186M,17.283M,4.208M
Paraguay,PRY,15.678M,12.868M,10.955M,9.818M,6.569M,3.924M,3.55M,3.194M,2.859M,2.589M,2.648M,2.83M,3.005M,3.118M,3.183M,3.171M,3.365M,3.655M,3.538M,3.455M,4.102M,4.318M,4.744M,4.183M,4.368M,1.077M
West Bank and Gaza,PSE,,0.22M,0.21M,0.2M,0.3M,0.31M,0.043M,0.033M,0.037M,0.056M,0.088M,0.123M,0.264M,0.387M,0.396M,0.522M,0.449M,0.49M,0.545M,0.556M,0.432M,0.4M,0.503M,0.606M,0.688M,0.093M
Pacific island small states,PSS,,,,,,,,,,,,,1.082M,1.203M,1.241M,1.35M,1.427M,1.52M,1.571M,1.591M,1.676M,1.837M,1.886M,1.929M,1.752M,
Post-demographic dividend,PST,625.507M,654.993M,686.265M,686.678M,702.247M,745.501M,734.363M,745.62M,739.424M,791.914M,822.568M,972.285M,984.896M,981.137M,943.254M,968.796M,994.043M,1040.612M,1080.304M,1105.378M,1128.13M,1175.948M,1223.167M,1257.775M,1275.198M,
French Polynesia,PYF,0.186M,0.184M,0.201M,0.211M,0.236M,,,,,,,,0.243M,0.227M,0.19M,0.179M,0.196M,0.21M,0.214M,0.228M,0.239M,0.241M,0.254M,0.264M,0.3M,0.089M
Qatar,QAT,,,,,,,,,,,,,,,1.482M,1.7M,2.057M,2.324M,2.612M,2.839M,2.941M,2.938M,2.256M,1.819M,2.136M,0.582M
Romania,ROU,5.445M,5.205M,5.149M,4.831M,5.224M,5.264M,4.938M,4.794M,5.595M,6.6M,5.839M,6.037M,7.722M,8.862M,7.575M,7.498M,7.611M,7.937M,8.019M,8.442M,9.331M,10.223M,10.926M,11.72M,12.815M,5.023M
Russian Federation,RUS,10.29M,16.208M,17.463M,16.188M,18.82M,21.169M,21.595M,23.309M,22.521M,22.064M,22.201M,22.486M,22.909M,23.676M,21.339M,22.281M,24.932M,28.177M,30.792M,32.421M,33.729M,24.571M,24.39M,24.551M,24.419M,6.359M
Rwanda,RWA,,,,,,,,,,,,0.531M,0.61M,0.669M,0.664M,0.667M,0.908M,1.061M,1.122M,1.22M,1.298M,1.377M,1.57M,1.711M,1.634M,
South Asia,SAS,3.943M,4.07M,4.314M,4.447M,4.706M,5.029M,4.693M,4.528M,5.212M,6.372M,6.697M,7.6M,8.429M,8.726M,8.419M,9.476M,10.854M,11.239M,12.15M,19.662M,20.005M,22.127M,23.793M,26.713M,27.103M,
Saudi Arabia,SAU,4.398M,,,,,,,,,11.083M,10.417M,10.962M,13.479M,17.717M,13.319M,13.025M,15.776M,19.847M,19.934M,23.01M,21.834M,20.887M,18.607M,17.57M,20.292M,
Sudan,SDN,0.029M,0.038M,0.03M,0.036M,0.039M,0.038M,0.05M,0.052M,0.052M,0.061M,0.246M,0.328M,0.436M,0.44M,0.42M,0.495M,0.536M,0.575M,0.591M,0.684M,0.741M,0.8M,0.813M,0.836M,,
Senegal,SEN,,,,,,,,,0.502M,0.677M,0.779M,0.876M,0.879M,0.877M,0.815M,0.906M,0.977M,0.967M,1.069M,0.976M,1.014M,1.219M,1.376M,,,
Singapore,SGP,7.137M,7.292M,7.198M,6.242M,6.958M,7.691M,7.522M,7.567M,6.127M,8.329M,8.943M,9.751M,10.285M,10.116M,9.683M,11.642M,13.171M,14.496M,15.568M,15.095M,15.232M,16.403M,17.425M,18.508M,19.116M,2.742M
Solomon Islands,SLB,0.012M,0.01M,0.014M,0.016M,,0.005M,,,0.007M,0.006M,0.009M,0.012M,0.014M,0.016M,0.018M,0.02M,0.023M,0.024M,0.024M,0.02M,0.022M,0.023M,0.026M,0.028M,0.029M,0.004M
Sierra Leone,SLE,,,,,,,,,,,,,,,,,,0.075M,0.095M,0.053M,0.031M,0.06M,0.059M,0.066M,0.071M,
El Salvador,SLV,,,,,,0.867M,0.804M,0.885M,0.798M,1.03M,1.306M,1.501M,1.72M,1.875M,1.482M,1.606M,1.634M,1.738M,1.822M,1.886M,1.973M,2.052M,2.247M,2.536M,2.639M,0.707M
San Marino,SMR,3.368M,3.345M,3.308M,3.264M,3.148M,3.071M,3.036M,3.102M,2.882M,2.812M,2.107M,2.136M,2.164M,2.112M,2.056M,1.976M,2.038M,1.869M,1.905M,2.004M,1.888M,2.0M,1.937M,1.874M,1.904M,
Somalia,SOM,,,,,,,,,,,,,,,,,,,,,,,,,,
Serbia,SRB,,,,,,,,0.312M,0.339M,0.392M,0.453M,0.469M,0.696M,0.646M,0.645M,0.683M,0.764M,0.81M,0.922M,1.029M,1.132M,1.281M,1.497M,1.711M,1.847M,0.446M
Sub-Saharan Africa (excluding high income),SSA,14.193M,16.05M,16.643M,17.778M,19.153M,19.438M,20.378M,22.024M,22.796M,24.57M,26.229M,29.608M,34.49M,35.56M,36.522M,40.139M,40.526M,42.98M,44.485M,46.265M,48.672M,50.877M,52.497M,56.247M,55.555M,
South Sudan,SSD,,,,,,,,,,,,,,,,,,,,,,,,,,
Sub-Saharan Africa,SSF,14.324M,16.195M,16.783M,17.915M,19.286M,19.581M,20.519M,22.162M,22.926M,24.699M,26.368M,29.762M,34.665M,35.738M,36.704M,40.335M,40.742M,43.202M,44.729M,46.511M,48.979M,51.223M,52.9M,56.673M,56.014M,
Small states,SST,26.85M,28.033M,29.836M,30.787M,32.724M,35.394M,35.693M,36.595M,38.157M,42.166M,41.471M,43.973M,47.057M,48.541M,49.159M,55.249M,51.989M,54.647M,58.06M,62.561M,63.974M,71.729M,75.794M,78.865M,79.086M,
Sao Tome and Principe,STP,0.006M,0.006M,0.005M,0.006M,0.006M,0.007M,0.008M,0.009M,0.01M,0.011M,0.016M,0.012M,0.012M,0.014M,0.015M,0.008M,0.012M,,,,0.026M,0.029M,0.029M,0.033M,,
Suriname,SUR,0.069M,0.074M,0.078M,0.07M,0.072M,0.072M,0.068M,,0.1M,,,0.154M,0.167M,0.151M,0.151M,0.206M,0.221M,0.24M,0.25M,0.253M,0.229M,0.257M,0.279M,,,
Slovak Republic,SVK,,,,,,,,,,,,,,,,,,,12.583M,11.556M,14.936M,17.376M,15.406M,15.299M,,
Slovenia,SVN,0.732M,0.832M,0.974M,0.977M,0.884M,1.09M,1.219M,1.302M,1.373M,1.499M,1.555M,1.617M,1.751M,1.958M,1.824M,2.049M,2.236M,2.377M,2.502M,2.675M,3.022M,3.397M,3.991M,4.425M,4.702M,1.216M
Sweden,SWE,2.31M,2.376M,2.388M,2.573M,2.595M,3.828M,4.108M,4.276M,4.268M,4.676M,4.883M,4.729M,5.224M,4.555M,4.899M,5.183M,11.567M,12.372M,10.98M,10.522M,6.482M,6.782M,7.054M,7.44M,7.616M,1.957M
Eswatini,SWZ,,1.337M,1.635M,0.986M,1.253M,1.151M,1.312M,1.371M,1.543M,,1.182M,1.2M,1.23M,1.186M,1.344M,1.343M,1.328M,1.278M,1.299M,1.325M,1.256M,1.279M,1.343M,1.277M,1.226M,0.345M
Sint Maarten (Dutch part),SXM,1.024M,1.022M,1.325M,1.339M,1.061M,1.3M,1.271M,1.436M,1.6M,1.823M,1.956M,1.89M,1.891M,1.821M,1.655M,1.956M,2.08M,2.21M,2.253M,2.502M,2.407M,2.197M,1.64M,1.775M,1.952M,
Seychelles,SYC,0.127M,0.142M,0.136M,0.134M,0.13M,0.14M,0.138M,0.135M,0.127M,0.126M,0.135M,0.151M,0.171M,0.173M,0.178M,0.191M,0.21M,0.216M,0.237M,0.239M,0.296M,0.333M,0.382M,0.405M,0.428M,0.124M
Syrian Arab Republic,SYR,2.253M,2.435M,2.332M,2.464M,2.682M,3.412M,3.671M,4.678M,4.837M,6.334M,5.859M,5.682M,5.434M,6.951M,7.721M,10.97M,6.476M,,,,,1.043M,1.291M,1.802M,2.424M,
Turks and Caicos Islands,TCA,,,,,,,,,,,,,,0.757M,0.865M,0.899M,1.01M,0.968M,1.069M,1.33M,1.316M,1.296M,1.243M,1.463M,1.599M,0.37M
Chad,TCD,0.019M,0.02M,0.027M,0.041M,0.046M,0.043M,0.057M,0.032M,0.021M,0.026M,0.029M,0.046M,0.077M,0.061M,0.07M,0.071M,0.077M,0.086M,0.097M,0.119M,0.12M,0.098M,0.087M,0.063M,0.081M,0.01M
East Asia & Pacific (IDA & IBRD countries),TEA,69.853M,76.266M,82.317M,87.402M,100.507M,115.002M,123.938M,134.843M,124.198M,150.908M,163.955M,172.621M,186.124M,186.64M,184.114M,197.694M,205.576M,209.238M,214.705M,216.907M,229.644M,243.207M,263.898M,277.743M,289.3M,
Europe & Central Asia (IDA & IBRD countries),TEC,141.57M,156.481M,174.016M,170.134M,174.153M,185.016M,166.983M,163.686M,170.01M,192.355M,204.585M,210.284M,233.797M,236.803M,218.138M,228.005M,244.817M,258.378M,273.457M,267.581M,278.325M,274.218M,294.609M,314.785M,331.546M,
Togo,TGO,0.053M,0.058M,0.092M,0.069M,0.07M,0.06M,0.057M,0.058M,0.061M,0.083M,0.081M,0.094M,0.086M,0.074M,0.15M,0.202M,0.3M,0.235M,0.327M,0.282M,0.273M,0.338M,0.514M,0.573M,0.876M,0.482M
Thailand,THA,6.952M,7.244M,7.294M,7.843M,8.651M,9.579M,10.133M,10.873M,10.082M,11.737M,11.567M,13.822M,14.464M,14.584M,14.15M,15.936M,19.23M,22.354M,26.547M,24.81M,29.923M,32.53M,35.592M,38.178M,39.916M,
Tajikistan,TJK,,0.001M,0.002M,0.003M,0.004M,0.008M,0.005M,,,,,,,0.325M,0.207M,0.16M,0.183M,0.244M,0.208M,0.213M,0.414M,0.344M,0.431M,1.035M,,
Turkmenistan,TKM,0.233M,0.282M,0.332M,0.38M,,,,,,,,,,,,,,,,,,,,,,
Latin America & the Caribbean (IDA & IBRD countries),TLA,125.293M,128.668M,130.966M,135.049M,137.308M,142.005M,135.755M,133.102M,127.305M,138.679M,145.125M,142.663M,141.497M,142.505M,136.672M,134.206M,131.39M,134.737M,137.445M,144.46M,154.385M,165.767M,175.407M,173.715M,172.909M,
Timor-Leste,TLS,,,,,,,,,,,,0.014M,0.022M,0.036M,0.044M,0.04M,0.051M,0.058M,0.079M,0.06M,0.062M,0.066M,0.074M,0.075M,0.075M,
Middle East & North Africa (IDA & IBRD countries),TMN,18.99M,19.306M,19.856M,20.703M,23.536M,25.303M,25.739M,29.055M,30.668M,37.545M,38.891M,41.919M,44.393M,50.073M,52.971M,62.437M,49.845M,52.941M,51.347M,51.424M,46.83M,40.985M,48.055M,58.212M,65.078M,
Tonga,TON,0.033M,0.031M,0.029M,0.035M,0.044M,0.043M,0.038M,0.045M,0.051M,0.051M,0.06M,0.054M,0.065M,0.065M,0.075M,0.065M,0.068M,0.057M,0.06M,0.066M,0.073M,0.087M,0.087M,0.077M,0.094M,
South Asia (IDA & IBRD),TSA,3.82M,3.944M,4.18M,4.309M,4.559M,4.872M,4.547M,4.387M,5.05M,6.174M,6.489M,7.364M,8.167M,8.455M,8.157M,9.182M,10.516M,10.89M,11.772M,19.051M,19.383M,21.439M,23.054M,25.882M,26.26M,
Sub-Saharan Africa (IDA & IBRD countries),TSS,14.324M,16.195M,16.783M,17.915M,19.286M,19.581M,20.519M,22.162M,22.926M,24.699M,26.368M,29.762M,34.665M,35.738M,36.704M,40.335M,40.742M,43.202M,44.729M,46.511M,48.979M,51.223M,52.9M,56.673M,56.014M,
Trinidad and Tobago,TTO,0.282M,0.317M,0.36M,0.377M,0.421M,0.503M,0.468M,0.451M,0.474M,0.501M,0.529M,0.534M,0.531M,0.482M,0.534M,0.49M,0.491M,0.504M,0.467M,0.455M,0.519M,0.492M,0.465M,0.501M,0.48M,0.141M
Tunisia,TUN,4.12M,3.885M,4.263M,4.718M,4.832M,5.058M,5.387M,5.064M,5.114M,5.998M,6.378M,6.55M,6.762M,7.05M,7.797M,7.828M,5.746M,6.999M,7.352M,7.163M,5.359M,5.724M,7.052M,8.299M,9.429M,2.012M
Turkiye,TUR,7.727M,8.614M,9.689M,9.753M,7.487M,10.428M,11.619M,13.256M,14.03M,17.517M,21.125M,19.82M,27.215M,31.138M,31.76M,32.997M,36.769M,37.715M,39.861M,41.627M,41.114M,30.907M,37.97M,46.113M,51.747M,15.971M
Tuvalu,TUV,0.001M,0.001M,0.001M,0.001M,0.001M,0.001M,0.001M,0.001M,0.001M,0.001M,0.001M,0.001M,0.001M,0.002M,0.002M,0.002M,0.001M,0.001M,0.001M,0.001M,0.002M,0.002M,0.002M,0.003M,0.004M,
Tanzania,TZA,0.295M,0.326M,0.36M,0.482M,0.627M,0.501M,0.525M,0.575M,0.576M,0.583M,0.613M,0.644M,0.719M,0.77M,0.714M,0.783M,0.868M,1.077M,1.096M,1.14M,1.137M,1.284M,1.327M,1.506M,1.527M,
Uganda,UGA,0.16M,0.174M,0.175M,0.195M,0.189M,0.193M,0.205M,0.254M,0.305M,0.512M,0.468M,0.539M,0.642M,0.844M,0.807M,0.946M,1.151M,1.197M,1.206M,1.266M,1.303M,1.323M,1.402M,1.506M,1.543M,0.473M
Ukraine,UKR,6.127M,6.75M,14.743M,12.003M,10.99M,11.691M,11.877M,12.793M,15.161M,18.583M,20.489M,21.714M,26.162M,28.827M,24.033M,24.114M,24.535M,25.061M,26.025M,13.227M,13.025M,13.734M,14.579M,14.342M,13.71M,3.382M
Upper middle income,UMC,226.733M,240.601M,251.598M,259.728M,276.411M,301.621M,306.995M,323.044M,308.581M,351.775M,377.443M,385.923M,408.19M,417.499M,406.075M,422.026M,433.15M,444.225M,455.798M,465.398M,484.482M,498.471M,534.415M,556.609M,573.311M,
Uruguay,URY,2.177M,2.258M,2.463M,2.324M,2.273M,2.236M,2.136M,1.354M,1.508M,1.871M,1.917M,1.824M,1.815M,2.255M,2.303M,2.708M,3.244M,3.155M,3.242M,3.195M,3.286M,3.632M,4.219M,3.954M,3.48M,
United States,USA,79.732M,82.756M,82.525M,74.767M,75.796M,78.343M,70.975M,64.434M,62.082M,67.606M,71.484M,183.178M,175.299M,175.703M,160.508M,162.275M,147.271M,171.63M,179.31M,178.311M,176.865M,175.261M,174.292M,169.325M,165.478M,45.037M
Uzbekistan,UZB,0.092M,0.173M,0.96M,0.811M,0.487M,0.302M,0.345M,0.332M,0.231M,0.262M,0.242M,0.56M,0.903M,1.069M,1.215M,0.975M,1.393M,1.895M,1.969M,1.862M,1.918M,2.027M,2.69M,5.346M,6.749M,
St. Vincent and the Grenadines,VCT,0.218M,0.216M,0.2M,0.202M,0.223M,0.256M,0.254M,0.247M,0.242M,0.262M,0.256M,0.306M,0.328M,0.25M,0.271M,0.231M,0.208M,0.2M,0.2M,0.205M,0.207M,0.227M,0.303M,0.356M,0.392M,
"Venezuela, RB",VEN,0.879M,0.96M,0.933M,0.813M,0.702M,0.602M,0.792M,0.59M,0.435M,0.618M,0.846M,0.883M,0.898M,0.702M,0.567M,0.535M,0.625M,1.061M,1.085M,0.967M,0.882M,0.681M,0.429M,,,
British Virgin Islands,VGB,0.219M,0.244M,0.244M,0.279M,0.284M,0.272M,0.296M,0.282M,0.278M,0.304M,0.337M,0.356M,0.358M,0.346M,0.309M,0.33M,0.338M,0.351M,0.366M,0.386M,0.393M,0.408M,0.335M,0.192M,0.302M,0.083M
Virgin Islands (U.S.),VIR,1.741M,1.779M,2.128M,2.139M,1.964M,2.396M,2.497M,2.337M,2.395M,2.62M,2.602M,2.571M,2.606M,2.435M,2.245M,2.531M,2.686M,2.64M,2.702M,2.814M,2.643M,2.574M,1.954M,1.922M,2.074M,8.612M
Viet Nam,VNM,1.351M,1.607M,1.716M,1.52M,1.782M,2.14M,2.33M,2.628M,2.429M,2.928M,3.477M,3.583M,4.229M,4.236M,3.747M,5.05M,6.014M,6.848M,7.572M,7.874M,7.944M,10.013M,12.922M,15.498M,18.009M,3.837M
Vanuatu,VUT,0.082M,0.103M,0.081M,0.078M,0.096M,0.106M,0.106M,0.099M,0.102M,0.099M,0.126M,0.154M,0.167M,0.197M,0.226M,0.238M,0.249M,0.321M,0.357M,0.329M,0.287M,0.352M,0.333M,0.35M,0.256M,0.082M
World,WLD,1082.522M,1143.489M,1193.996M,1209.957M,1254.467M,1332.379M,1299.005M,1319.582M,1300.067M,1436.45M,1501.611M,1683.03M,1739.389M,1750.747M,1687.198M,1755.72M,1792.688M,1881.197M,1952.484M,2012.33M,2071.786M,2140.443M,2248.871M,2339.4M,2403.074M,
Samoa,WSM,,,,,,,,,,,,0.116M,0.122M,0.122M,0.129M,0.13M,0.128M,0.135M,0.125M,0.132M,0.139M,0.146M,0.158M,0.172M,0.181M,0.024M
Kosovo,XKX,,,,,,,,,,,,,,,,,,,,,,,,,,
"Yemen, Rep.",YEM,,,,,,,,,,,,,,,,1.035M,1.175M,1.282M,1.323M,1.218M,0.398M,,,,,
South Africa,ZAF,4.684M,5.186M,5.17M,5.898M,6.026M,6.001M,5.908M,6.55M,6.64M,6.815M,7.518M,8.509M,9.208M,9.729M,9.532M,11.303M,12.097M,13.069M,14.318M,14.53M,13.952M,15.121M,14.975M,15.004M,14.797M,3.887M
Zambia,ZMB,0.163M,0.264M,0.341M,0.362M,0.404M,0.457M,0.492M,0.565M,0.413M,0.515M,0.669M,0.757M,0.897M,0.812M,0.71M,0.815M,0.92M,0.859M,0.915M,0.947M,0.932M,0.956M,1.009M,1.072M,1.266M,0.502M
Zimbabwe,ZWE,1.416M,1.597M,1.336M,2.09M,2.25M,1.967M,2.217M,2.041M,2.256M,1.854M,1.559M,2.287M,2.506M,1.956M,2.017M,2.239M,2.423M,1.794M,1.833M,1.88M,2.057M,2.168M,2.423M,2.58M,2.294M,0.639M
